index,d__Bacteria;p__Firmicutes;c__Clostridia;o__Lachnospirales;f__Lachnospiraceae;g__Blautia,d__Bacteria;p__Firmicutes;c__Clostridia;o__Lachnospirales;f__Lachnospiraceae;g__[Eubacterium]_ruminantium_group,d__Bacteria;p__Bacteroidota;c__Bacteroidia;o__Bacteroidales;f__Bacteroidaceae;g__Bacteroides,d__Bacteria;p__Firmicutes;c__Clostridia;o__Oscillospirales;f__Oscillospiraceae;g__Intestinimonas,d__Bacteria;p__Firmicutes;c__Clostridia;o__Peptostreptococcales-Tissierellales;f__Peptostreptococcaceae;g__Romboutsia,d__Bacteria;p__Bacteroidota;c__Bacteroidia;o__Bacteroidales;f__Rikenellaceae;g__Rikenellaceae_RC9_gut_group,d__Bacteria;p__Firmicutes;c__Clostridia;o__Clostridia_UCG-014;f__Clostridia_UCG-014;g__Clostridia_UCG-014,d__Bacteria;p__Firmicutes;c__Clostridia;o__Lachnospirales;f__Lachnospiraceae;g__Lachnospira,d__Bacteria;p__Firmicutes;c__Clostridia;o__Peptostreptococcales-Tissierellales;f__Family_XI;g__Parvimonas,d__Bacteria;p__Firmicutes;c__Clostridia;o__Lachnospirales;f__Lachnospiraceae;__,d__Bacteria;p__Firmicutes;c__Clostridia;o__Oscillospirales;f__Ruminococcaceae;g__Subdoligranulum,d__Bacteria;p__Firmicutes;c__Clostridia;o__Oscillospirales;f__Oscillospiraceae;g__uncultured,d__Bacteria;p__Firmicutes;c__Clostridia;o__Oscillospirales;f__Oscillospiraceae;g__UCG-005,d__Bacteria;p__Firmicutes;c__Clostridia;o__Oscillospirales;__;__,d__Bacteria;p__Firmicutes;c__Clostridia;o__Lachnospirales;f__Lachnospiraceae;g__[Eubacterium]_oxidoreducens_group,d__Bacteria;p__Firmicutes;c__Clostridia;o__Oscillospirales;f__Oscillospiraceae;g__Oscillibacter,d__Bacteria;p__Firmicutes;c__Clostridia;o__Peptostreptococcales-Tissierellales;f__Anaerovoracaceae;g__Mogibacterium,d__Bacteria;p__Firmicutes;c__Clostridia;o__Lachnospirales;f__Lachnospiraceae;g__Lachnospiraceae_ND3007_group,d__Bacteria;p__Firmicutes;c__Bacilli;o__Staphylococcales;f__Gemellaceae;g__Gemella,d__Bacteria;p__Firmicutes;c__Clostridia;o__Oscillospirales;f__Oscillospiraceae;g__Colidextribacter,d__Bacteria;p__Firmicutes;c__Clostridia;o__Oscillospirales;f__UCG-010;g__UCG-010,d__Bacteria;p__Bacteroidota;c__Bacteroidia;o__Bacteroidales;f__Prevotellaceae;g__Paraprevotella,d__Bacteria;p__Firmicutes;c__Clostridia;o__Oscillospirales;f__Ruminococcaceae;__,d__Bacteria;p__Firmicutes;c__Bacilli;o__Lactobacillales;f__Streptococcaceae;g__Lactococcus,d__Bacteria;p__Firmicutes;c__Clostridia;o__Oscillospirales;f__Ruminococcaceae;g__Faecalibacterium,d__Bacteria;p__Firmicutes;c__Clostridia;o__Christensenellales;f__Christensenellaceae;g__Christensenellaceae_R-7_group,d__Bacteria;p__Firmicutes;c__Bacilli;o__Erysipelotrichales;f__Erysipelotrichaceae;g__Erysipelotrichaceae,d__Bacteria;p__Firmicutes;c__Clostridia;o__Lachnospirales;f__Lachnospiraceae;g__GCA-900066575,d__Bacteria;p__Firmicutes;c__Negativicutes;o__Veillonellales-Selenomonadales;f__Veillonellaceae;g__Veillonella,d__Bacteria;p__Bacteroidota;c__Bacteroidia;o__Bacteroidales;f__Muribaculaceae;g__Muribaculaceae,d__Bacteria;p__Firmicutes;c__Clostridia;o__Lachnospirales;f__Lachnospiraceae;g__Agathobacter,d__Bacteria;p__Firmicutes;c__Bacilli;o__Erysipelotrichales;f__Erysipelotrichaceae;g__Turicibacter,d__Bacteria;p__Firmicutes;c__Clostridia;o__Lachnospirales;f__Lachnospiraceae;g__Tyzzerella,d__Bacteria;p__Firmicutes;c__Clostridia;o__Lachnospirales;f__Lachnospiraceae;g__Lachnospiraceae_UCG-004,d__Bacteria;p__Firmicutes;c__Bacilli;o__Lactobacillales;f__Streptococcaceae;g__Streptococcus,d__Bacteria;p__Firmicutes;c__Clostridia;o__Oscillospirales;f__Oscillospiraceae;g__UCG-002,d__Bacteria;p__Firmicutes;c__Negativicutes;o__Acidaminococcales;f__Acidaminococcaceae;g__Phascolarctobacterium,d__Bacteria;p__Firmicutes;c__Clostridia;o__Oscillospirales;f__Oscillospiraceae;g__Oscillospira,d__Bacteria;p__Desulfobacterota;c__Desulfovibrionia;o__Desulfovibrionales;f__Desulfovibrionaceae;g__Desulfovibrio,d__Bacteria;p__Firmicutes;c__Clostridia;o__Oscillospirales;f__Ruminococcaceae;g__Phocea,d__Bacteria;p__Firmicutes;c__Clostridia;o__Oscillospirales;f__Oscillospiraceae;g__NK4A214_group,d__Bacteria;p__Firmicutes;c__Clostridia;o__Lachnospirales;f__Lachnospiraceae;g__Lachnospiraceae,d__Bacteria;p__Bacteroidota;c__Bacteroidia;o__Bacteroidales;f__Rikenellaceae;g__Alistipes,d__Bacteria;p__Firmicutes;c__Clostridia;o__Oscillospirales;f__Ruminococcaceae;g__[Eubacterium]_siraeum_group,d__Bacteria;p__Firmicutes;c__Clostridia;o__Lachnospirales;f__Lachnospiraceae;g__Frisingicoccus,d__Bacteria;p__Firmicutes;c__Clostridia;o__Lachnospirales;f__Lachnospiraceae;g__Lachnoclostridium,d__Bacteria;p__Firmicutes;c__Clostridia;o__Peptostreptococcales-Tissierellales;f__Anaerovoracaceae;g__Anaerovorax,d__Bacteria;p__Actinobacteriota;c__Actinobacteria;o__Corynebacteriales;f__Corynebacteriaceae;__,d__Bacteria;p__Firmicutes;c__Clostridia;o__Lachnospirales;f__Lachnospiraceae;g__Lachnospiraceae_NK4A136_group,d__Bacteria;p__Firmicutes;c__Clostridia;o__Peptostreptococcales-Tissierellales;f__Anaerovoracaceae;__,d__Bacteria;p__Firmicutes;c__Clostridia;o__Clostridia_vadinBB60_group;f__Clostridia_vadinBB60_group;g__Clostridia_vadinBB60_group,d__Bacteria;p__Firmicutes;c__Clostridia;__;__;__,d__Bacteria;p__Firmicutes;c__Clostridia;o__Lachnospirales;f__Lachnospiraceae;g__Coprococcus,d__Bacteria;p__Firmicutes;c__Clostridia;o__Lachnospirales;f__Lachnospiraceae;g__Sellimonas,d__Bacteria;p__Firmicutes;c__Clostridia;o__Lachnospirales;f__Lachnospiraceae;g__[Eubacterium]_xylanophilum_group,d__Bacteria;p__Firmicutes;c__Clostridia;o__Oscillospirales;f__Oscillospiraceae;g__Pseudoflavonifractor,d__Bacteria;p__Firmicutes;c__Clostridia;o__Christensenellales;f__Christensenellaceae;g__uncultured,d__Bacteria;p__Bacteroidota;c__Bacteroidia;o__Bacteroidales;f__Prevotellaceae;g__Alloprevotella,d__Bacteria;p__Actinobacteriota;c__Actinobacteria;o__Micrococcales;f__Micrococcaceae;g__Rothia,d__Bacteria;p__Firmicutes;c__Clostridia;o__Lachnospirales;f__Lachnospiraceae;g__Roseburia,d__Bacteria;p__Actinobacteriota;c__Actinobacteria;o__Bifidobacteriales;f__Bifidobacteriaceae;__,d__Bacteria;p__Firmicutes;c__Bacilli;o__RF39;f__RF39;g__RF39,d__Bacteria;p__Firmicutes;c__Clostridia;o__Peptostreptococcales-Tissierellales;f__Anaerovoracaceae;g__[Eubacterium]_brachy_group,d__Bacteria;p__Firmicutes;c__Clostridia;o__Lachnospirales;f__Lachnospiraceae;g__[Ruminococcus]_torques_group,d__Bacteria;p__Firmicutes;c__Clostridia;o__Peptococcales;f__Peptococcaceae;g__Peptococcus,d__Bacteria;p__Firmicutes;c__Clostridia;o__Oscillospirales;f__Oscillospiraceae;__,d__Bacteria;p__Firmicutes;c__Clostridia;o__Oscillospirales;f__Ruminococcaceae;g__uncultured,d__Bacteria;__;__;__;__;__,d__Bacteria;p__Firmicutes;c__Clostridia;o__Peptostreptococcales-Tissierellales;f__Anaerovoracaceae;g__Family_XIII_AD3011_group,d__Bacteria;p__Firmicutes;c__Bacilli;o__Erysipelotrichales;f__Erysipelotrichaceae;g__Holdemania,d__Bacteria;p__Bacteroidota;c__Bacteroidia;o__Bacteroidales;f__Prevotellaceae;g__Prevotella_9,d__Bacteria;p__Firmicutes;c__Clostridia;o__Eubacteriales;f__Anaerofustaceae;g__Anaerofustis,d__Bacteria;p__Firmicutes;c__Bacilli;o__Lactobacillales;f__Lactobacillaceae;g__Leuconostoc,d__Bacteria;p__Firmicutes;c__Clostridia;o__Oscillospirales;f__Ruminococcaceae;g__Ruminococcus,d__Bacteria;p__Actinobacteriota;c__Coriobacteriia;o__Coriobacteriales;f__Coriobacteriaceae;g__Collinsella,d__Bacteria;p__Firmicutes;c__Clostridia;o__Peptostreptococcales-Tissierellales;f__Family_XI;g__Anaerococcus,d__Bacteria;p__Firmicutes;c__Clostridia;o__Lachnospirales;f__Lachnospiraceae;g__Anaerostignum,d__Bacteria;p__Proteobacteria;c__Gammaproteobacteria;o__Enterobacterales;f__Pasteurellaceae;__,d__Bacteria;p__Bacteroidota;c__Bacteroidia;o__Bacteroidales;f__Tannerellaceae;g__Parabacteroides,d__Bacteria;p__Firmicutes;c__Bacilli;o__Erysipelotrichales;f__Erysipelotrichaceae;g__Holdemanella,d__Bacteria;p__Firmicutes;c__Clostridia;o__Oscillospirales;f__Ruminococcaceae;g__Candidatus_Soleaferrea,d__Bacteria;p__Firmicutes;c__Clostridia;o__Oscillospirales;f__Oscillospiraceae;g__Flavonifractor,d__Bacteria;p__Firmicutes;c__Clostridia;o__Oscillospirales;f__Ruminococcaceae;g__Pygmaiobacter,d__Bacteria;p__Firmicutes;c__Bacilli;o__Erysipelotrichales;f__Erysipelotrichaceae;g__[Clostridium]_innocuum_group,d__Bacteria;p__Actinobacteriota;c__Coriobacteriia;o__Coriobacteriales;f__Eggerthellaceae;g__Adlercreutzia,d__Bacteria;p__Bacteroidota;c__Bacteroidia;o__Bacteroidales;f__uncultured;g__uncultured,d__Bacteria;p__Firmicutes;c__Bacilli;o__Erysipelotrichales;f__Erysipelotrichaceae;g__Faecalitalea,d__Bacteria;p__Firmicutes;c__Clostridia;o__Oscillospirales;f__Ruminococcaceae;g__Angelakisella,d__Bacteria;p__Firmicutes;c__Clostridia;o__Oscillospirales;f__[Eubacterium]_coprostanoligenes_group;g__[Eubacterium]_coprostanoligenes_group,d__Bacteria;p__Firmicutes;c__Clostridia;o__Oscillospirales;f__Butyricicoccaceae;g__Butyricicoccus,d__Bacteria;p__Firmicutes;c__Clostridia;o__Lachnospirales;f__Lachnospiraceae;g__Shuttleworthia,d__Bacteria;p__Firmicutes;c__Clostridia;o__Lachnospirales;f__Lachnospiraceae;g__Tuzzerella,d__Bacteria;p__Firmicutes;c__Clostridia;o__Clostridiales;f__Clostridiaceae;g__Clostridium_sensu_stricto_1,d__Bacteria;p__Proteobacteria;c__Gammaproteobacteria;o__Burkholderiales;f__Sutterellaceae;g__Sutterella,d__Bacteria;p__Firmicutes;c__Clostridia;o__Oscillospirales;f__Ruminococcaceae;g__Anaerofilum,d__Bacteria;p__Firmicutes;c__Bacilli;o__Erysipelotrichales;f__Erysipelatoclostridiaceae;g__Erysipelatoclostridium,d__Bacteria;p__Firmicutes;c__Clostridia;o__Oscillospirales;f__Ruminococcaceae;g__Incertae_Sedis,d__Bacteria;p__Firmicutes;c__Bacilli;o__Lactobacillales;f__Lactobacillaceae;g__Pediococcus,d__Bacteria;p__Bacteroidota;c__Bacteroidia;o__Bacteroidales;f__Prevotellaceae;g__uncultured,d__Bacteria;p__Firmicutes;c__Clostridia;o__Caldicoprobacterales;f__Caldicoprobacteraceae;g__Caldicoprobacter,d__Bacteria;p__Bacteroidota;c__Bacteroidia;o__Bacteroidales;f__Barnesiellaceae;g__Coprobacter,d__Bacteria;p__Firmicutes;c__Clostridia;o__Peptostreptococcales-Tissierellales;f__Family_XI;g__Fenollaria,d__Bacteria;p__Firmicutes;c__Clostridia;o__Peptostreptococcales-Tissierellales;f__Peptostreptococcaceae;g__Intestinibacter,d__Bacteria;p__Desulfobacterota;c__Desulfovibrionia;o__Desulfovibrionales;f__Desulfovibrionaceae;g__uncultured,d__Bacteria;p__Firmicutes;c__Negativicutes;o__Acidaminococcales;f__Acidaminococcaceae;g__Acidaminococcus,d__Bacteria;p__Firmicutes;c__Clostridia;o__Oscillospirales;f__Ruminococcaceae;g__Fournierella,d__Bacteria;p__Actinobacteriota;c__Actinobacteria;o__Actinomycetales;f__Actinomycetaceae;g__F0332,d__Bacteria;p__Actinobacteriota;c__Actinobacteria;o__Actinomycetales;f__Actinomycetaceae;g__Actinomyces,d__Bacteria;p__Bacteroidota;c__Bacteroidia;o__Bacteroidales;f__Porphyromonadaceae;g__Porphyromonas,d__Bacteria;p__Firmicutes;c__Negativicutes;o__Veillonellales-Selenomonadales;f__Veillonellaceae;g__Dialister,d__Bacteria;p__Proteobacteria;c__Gammaproteobacteria;o__Enterobacterales;f__Enterobacteriaceae;__,d__Bacteria;p__Firmicutes;c__Clostridia;o__Oscillospirales;f__Butyricicoccaceae;g__UCG-009,d__Bacteria;p__Firmicutes;c__Clostridia;o__Lachnospirales;f__Lachnospiraceae;g__Lachnospiraceae_UCG-010,d__Bacteria;p__Firmicutes;c__Clostridia;o__Lachnospirales;f__Lachnospiraceae;g__Catenibacillus,d__Bacteria;p__Proteobacteria;c__Gammaproteobacteria;o__Burkholderiales;f__Oxalobacteraceae;g__Oxalobacter,d__Bacteria;p__Firmicutes;c__Clostridia;o__Peptostreptococcales-Tissierellales;f__Family_XI;g__Ezakiella,d__Bacteria;p__Firmicutes;c__Bacilli;o__Erysipelotrichales;f__Erysipelotrichaceae;g__Faecalicoccus,d__Bacteria;p__Firmicutes;c__Clostridia;o__Peptostreptococcales-Tissierellales;f__Family_XI;g__Peptoniphilus,d__Bacteria;p__Firmicutes;c__Clostridia;o__Christensenellales;f__Christensenellaceae;g__Christensenella,d__Bacteria;p__Firmicutes;c__Clostridia;o__Oscillospirales;f__Oscillospiraceae;g__Oscillospiraceae,d__Bacteria;p__Firmicutes;c__Bacilli;o__Izemoplasmatales;f__Izemoplasmatales;g__Izemoplasmatales,d__Bacteria;p__Firmicutes;c__Clostridia;o__Lachnospirales;f__Lachnospiraceae;g__Dorea,d__Bacteria;p__Proteobacteria;c__Alphaproteobacteria;o__Rhodospirillales;f__uncultured;g__uncultured,d__Bacteria;p__Firmicutes;c__Bacilli;o__Lactobacillales;f__Lactobacillaceae;g__Lactobacillus,d__Bacteria;p__Firmicutes;c__Negativicutes;o__Veillonellales-Selenomonadales;f__Selenomonadaceae;g__Mitsuokella,d__Bacteria;p__Firmicutes;c__Clostridia;o__Lachnospirales;f__Lachnospiraceae;g__Hespellia,d__Bacteria;p__Firmicutes;c__Bacilli;o__Erysipelotrichales;f__Erysipelotrichaceae;g__[Anaerorhabdus]_furcosa_group,d__Bacteria;p__Actinobacteriota;c__Coriobacteriia;o__Coriobacteriales;f__Eggerthellaceae;__,d__Bacteria;p__Firmicutes;c__Clostridia;o__Lachnospirales;f__Lachnospiraceae;g__Lachnospiraceae_FCS020_group,d__Bacteria;p__Firmicutes;c__Clostridia;o__Monoglobales;f__Monoglobaceae;g__Monoglobus,d__Bacteria;p__Firmicutes;c__Clostridia;o__Lachnospirales;f__Lachnospiraceae;g__[Eubacterium]_fissicatena_group,d__Bacteria;p__Fusobacteriota;c__Fusobacteriia;o__Fusobacteriales;f__Fusobacteriaceae;g__Fusobacterium,d__Bacteria;p__Firmicutes;c__Clostridia;o__Lachnospirales;f__Lachnospiraceae;g__[Eubacterium]_hallii_group,d__Bacteria;p__Firmicutes;c__Clostridia;o__Lachnospirales;f__Lachnospiraceae;g__[Eubacterium]_ventriosum_group,d__Bacteria;p__Firmicutes;c__Clostridia;o__Oscillospirales;f__Ruminococcaceae;g__CAG-352,d__Bacteria;p__Firmicutes;c__Bacilli;o__Lactobacillales;f__Lactobacillaceae;g__HT002,d__Bacteria;p__Firmicutes;c__Clostridia;o__Lachnospirales;f__Lachnospiraceae;g__Lachnospiraceae_UCG-003,d__Bacteria;p__Firmicutes;c__Clostridia;o__Oscillospirales;f__Ruminococcaceae;g__Caproiciproducens,d__Bacteria;p__Bacteroidota;c__Bacteroidia;o__Bacteroidales;f__Marinifilaceae;g__Butyricimonas,d__Bacteria;p__Firmicutes;c__Clostridia;o__Lachnospirales;f__Defluviitaleaceae;g__Defluviitaleaceae_UCG-011,d__Bacteria;p__Firmicutes;c__Bacilli;o__Lactobacillales;f__Lactobacillaceae;g__Latilactobacillus,d__Bacteria;p__Firmicutes;c__Clostridia;o__Oscillospirales;f__Oscillospirales;g__Hydrogenoanaerobacterium,d__Bacteria;p__Firmicutes;c__Clostridia;o__Peptococcales;f__Peptococcaceae;g__uncultured,d__Bacteria;p__Actinobacteriota;c__Actinobacteria;o__Bifidobacteriales;f__Bifidobacteriaceae;g__Bifidobacterium,d__Bacteria;p__Firmicutes;__;__;__;__,d__Bacteria;p__Firmicutes;c__Bacilli;o__Lactobacillales;f__Lactobacillaceae;g__Fructilactobacillus,d__Bacteria;p__Firmicutes;c__Bacilli;o__Bacillales;f__Sporolactobacillaceae;g__uncultured,d__Bacteria;p__Firmicutes;c__Clostridia;o__Oscillospirales;f__Oscillospiraceae;g__UCG-003,d__Bacteria;p__Firmicutes;c__Clostridia;o__Peptostreptococcales-Tissierellales;f__Anaerovoracaceae;g__S5-A14a,d__Bacteria;p__Bacteroidota;c__Bacteroidia;o__Bacteroidales;f__Prevotellaceae;g__Prevotella,d__Bacteria;p__Firmicutes;c__Clostridia;o__Peptostreptococcales-Tissierellales;f__Family_XI;g__W5053,d__Bacteria;p__Actinobacteriota;c__Actinobacteria;o__Corynebacteriales;f__Corynebacteriaceae;g__Corynebacterium,d__Bacteria;p__Proteobacteria;c__Gammaproteobacteria;o__Burkholderiales;__;__,d__Bacteria;p__Firmicutes;c__Bacilli;o__Erysipelotrichales;f__Erysipelotrichaceae;g__Solobacterium,d__Bacteria;p__Firmicutes;c__Bacilli;o__Lactobacillales;__;__,d__Bacteria;p__Bacteroidota;c__Bacteroidia;o__Bacteroidales;f__Prevotellaceae;g__Prevotella_7,d__Bacteria;p__Actinobacteriota;c__Coriobacteriia;o__Coriobacteriales;f__Eggerthellaceae;g__Slackia,d__Bacteria;p__Firmicutes;c__Clostridia;o__Lachnospirales;f__Lachnospiraceae;g__Syntrophococcus,d__Bacteria;p__Firmicutes;c__Clostridia;o__Oscillospirales;f__Ruminococcaceae;g__Negativibacillus,d__Bacteria;p__Firmicutes;c__Clostridia;o__Oscillospirales;f__Oscillospiraceae;g__Papillibacter,d__Bacteria;p__Firmicutes;c__Clostridia;o__Oscillospirales;f__Oscillospiraceae;g__UCG-007,d__Bacteria;p__Firmicutes;c__Clostridia;o__Peptostreptococcales-Tissierellales;f__Family_XI;g__Finegoldia,d__Bacteria;p__Actinobacteriota;c__Coriobacteriia;o__Coriobacteriales;f__Atopobiaceae;g__Libanicoccus,d__Bacteria;p__Actinobacteriota;c__Coriobacteriia;o__Coriobacteriales;f__Coriobacteriales_Incertae_Sedis;g__uncultured,d__Bacteria;p__Desulfobacterota;c__Desulfovibrionia;o__Desulfovibrionales;f__Desulfovibrionaceae;g__Bilophila,d__Bacteria;p__Bacteroidota;c__Bacteroidia;o__Bacteroidales;f__Prevotellaceae;g__Prevotellaceae_NK3B31_group,d__Bacteria;p__Firmicutes;c__Clostridia;o__Oscillospirales;f__uncultured;g__uncultured,d__Bacteria;p__Proteobacteria;c__Gammaproteobacteria;o__Burkholderiales;f__Sutterellaceae;g__Parasutterella,d__Bacteria;p__Firmicutes;c__Bacilli;o__Erysipelotrichales;f__Erysipelotrichaceae;g__Merdibacter,d__Bacteria;p__Actinobacteriota;c__Coriobacteriia;o__Coriobacteriales;f__Atopobiaceae;g__Coriobacteriaceae_UCG-003,d__Bacteria;p__Firmicutes;c__Bacilli;o__Erysipelotrichales;f__Erysipelatoclostridiaceae;g__Erysipelotrichaceae_UCG-003,d__Bacteria;p__Firmicutes;c__Negativicutes;o__Veillonellales-Selenomonadales;f__Veillonellaceae;g__Negativicoccus,d__Bacteria;p__Firmicutes;c__Incertae_Sedis;o__DTU014;f__DTU014;g__DTU014,d__Bacteria;p__Firmicutes;c__Clostridia;o__Christensenellales;f__Christensenellaceae;__,d__Bacteria;p__Firmicutes;c__Clostridia;o__Peptostreptococcales-Tissierellales;f__Anaerovoracaceae;g__Family_XIII_UCG-001,d__Bacteria;p__Firmicutes;c__Clostridia;o__Peptostreptococcales-Tissierellales;f__Peptostreptococcaceae;g__Peptostreptococcus,d__Bacteria;p__Bacteroidota;c__Bacteroidia;o__Bacteroidales;f__Barnesiellaceae;g__Barnesiella,d__Bacteria;p__Bacteroidota;c__Bacteroidia;o__Bacteroidales;f__Rikenellaceae;g__Rikenella,d__Bacteria;p__Actinobacteriota;c__Actinobacteria;o__Actinomycetales;f__Actinomycetaceae;g__Varibaculum,d__Bacteria;p__Firmicutes;c__Clostridia;o__Lachnospirales;f__Lachnospiraceae;g__[Eubacterium]_eligens_group,d__Bacteria;p__Firmicutes;c__Bacilli;o__Lactobacillales;f__Lactobacillaceae;g__Ligilactobacillus,d__Bacteria;p__Verrucomicrobiota;c__Lentisphaeria;o__Victivallales;f__vadinBE97;g__vadinBE97,d__Bacteria;p__Verrucomicrobiota;c__Verrucomicrobiae;o__Opitutales;f__Puniceicoccaceae;g__uncultured,d__Bacteria;p__Bacteroidota;c__Bacteroidia;o__Bacteroidales;f__Marinifilaceae;g__Odoribacter,d__Bacteria;p__Firmicutes;c__Clostridia;o__Lachnospirales;f__Lachnospiraceae;g__Eisenbergiella,d__Bacteria;p__Actinobacteriota;c__Coriobacteriia;o__Coriobacteriales;f__uncultured;g__uncultured,d__Bacteria;p__Firmicutes;c__Clostridia;o__Lachnospirales;f__Lachnospiraceae;g__[Ruminococcus]_gauvreauii_group,d__Bacteria;p__Firmicutes;c__Clostridia;o__Peptostreptococcales-Tissierellales;f__Peptostreptococcaceae;g__Terrisporobacter,d__Bacteria;p__Actinobacteriota;c__Coriobacteriia;o__Coriobacteriales;f__Eggerthellaceae;g__uncultured,d__Bacteria;p__Firmicutes;c__Clostridia;o__Lachnospirales;f__Lachnospiraceae;g__Hungatella,d__Bacteria;p__Firmicutes;c__Clostridia;o__Oscillospirales;f__Ruminococcaceae;g__Anaerotruncus,d__Bacteria;p__Firmicutes;c__Clostridia;o__Lachnospirales;f__Lachnospiraceae;g__GCA-900066755,d__Bacteria;p__Proteobacteria;c__Gammaproteobacteria;o__Pseudomonadales;f__Pseudomonadaceae;g__Pseudomonas,d__Bacteria;p__Firmicutes;c__Clostridia;o__Lachnospirales;f__Lachnospiraceae;g__Anaerosporobacter,d__Bacteria;p__Firmicutes;c__Clostridia;o__Lachnospirales;f__Lachnospiraceae;g__Howardella,d__Bacteria;p__Firmicutes;c__Negativicutes;o__Veillonellales-Selenomonadales;f__Veillonellaceae;__,d__Bacteria;p__Firmicutes;c__Clostridia;o__Peptostreptococcales-Tissierellales;f__Anaerovoracaceae;g__[Eubacterium]_nodatum_group,d__Bacteria;p__Actinobacteriota;c__Actinobacteria;o__Bifidobacteriales;f__Bifidobacteriaceae;g__Alloscardovia,d__Bacteria;p__Firmicutes;c__Negativicutes;o__Veillonellales-Selenomonadales;f__Veillonellaceae;g__Allisonella,d__Bacteria;p__Firmicutes;c__Clostridia;o__Lachnospirales;f__Lachnospiraceae;g__Fusicatenibacter,d__Bacteria;p__Firmicutes;c__Clostridia;o__Lachnospirales;f__Lachnospiraceae;g__Marvinbryantia,d__Bacteria;p__Cyanobacteria;c__Vampirivibrionia;o__Gastranaerophilales;f__Gastranaerophilales;g__Gastranaerophilales,d__Bacteria;p__Actinobacteriota;c__Coriobacteriia;o__Coriobacteriales;f__Atopobiaceae;g__Atopobium,d__Bacteria;p__Firmicutes;c__Clostridia;o__Lachnospirales;f__Lachnospiraceae;g__Lachnospiraceae_NC2004_group,d__Bacteria;p__Firmicutes;c__Clostridia;o__Lachnospirales;f__Lachnospiraceae;g__uncultured,d__Bacteria;p__Firmicutes;c__Clostridia;o__Oscillospirales;f__Ruminococcaceae;g__Paludicola,d__Bacteria;p__Actinobacteriota;c__Coriobacteriia;o__Coriobacteriales;f__Eggerthellaceae;g__Enterorhabdus,d__Bacteria;p__Desulfobacterota;c__Desulfovibrionia;o__Desulfovibrionales;f__Desulfovibrionaceae;g__Mailhella,d__Bacteria;p__Firmicutes;c__uncultured;o__uncultured;f__uncultured;g__uncultured,d__Bacteria;p__Actinobacteriota;c__Coriobacteriia;o__Coriobacteriales;f__Atopobiaceae;g__Olsenella,d__Bacteria;p__Firmicutes;c__Clostridia;o__Lachnospirales;f__Lachnospiraceae;g__Lachnospiraceae_AC2044_group,d__Bacteria;p__Proteobacteria;c__Gammaproteobacteria;o__Pseudomonadales;f__Moraxellaceae;g__Acinetobacter,d__Bacteria;p__Firmicutes;c__Desulfitobacteriia;o__Desulfitobacteriales;f__uncultured;g__uncultured,d__Bacteria;p__Synergistota;c__Synergistia;o__Synergistales;f__Synergistaceae;g__Cloacibacillus,d__Bacteria;p__Firmicutes;c__Clostridia;o__uncultured;f__uncultured;g__uncultured,d__Bacteria;p__Firmicutes;c__Bacilli;o__Erysipelotrichales;f__Erysipelatoclostridiaceae;g__Catenibacterium,d__Bacteria;p__Firmicutes;c__Bacilli;o__Erysipelotrichales;f__Erysipelotrichaceae;g__Dielma,d__Bacteria;p__Firmicutes;c__Clostridia;o__Oscillospirales;f__Ruminococcaceae;g__UBA1819,d__Bacteria;p__Bacteroidota;c__Bacteroidia;o__Bacteroidales;f__Tannerellaceae;g__Tannerellaceae,d__Bacteria;p__Bacteroidota;c__Bacteroidia;o__Bacteroidales;f__Barnesiellaceae;g__uncultured,d__Bacteria;p__Firmicutes;c__Clostridia;o__Lachnospirales;f__Lachnospiraceae;g__Anaerostipes,d__Bacteria;p__Firmicutes;c__Negativicutes;o__Veillonellales-Selenomonadales;f__Selenomonadaceae;g__Megamonas,d__Bacteria;p__Firmicutes;c__Clostridia;o__Lachnospirales;f__Lachnospiraceae;g__CAG-56,d__Bacteria;p__Firmicutes;c__Clostridia;o__Eubacteriales;f__Eubacteriaceae;g__Eubacterium,d__Bacteria;p__Firmicutes;c__Bacilli;o__Erysipelotrichales;f__Erysipelatoclostridiaceae;__,d__Bacteria;p__Verrucomicrobiota;c__Lentisphaeria;o__Victivallales;f__Victivallaceae;g__Victivallis,d__Bacteria;p__Firmicutes;c__Clostridia;o__Peptostreptococcales-Tissierellales;f__Family_XI;g__Murdochiella,d__Bacteria;p__Firmicutes;c__Clostridia;o__Oscillospirales;f__Hungateiclostridiaceae;g__Ruminiclostridium,d__Bacteria;p__Actinobacteriota;c__Coriobacteriia;o__Coriobacteriales;f__Atopobiaceae;g__uncultured,d__Bacteria;p__Firmicutes;c__Clostridia;o__Lachnospirales;f__Lachnospiraceae;g__Lachnospiraceae_UCG-001,d__Bacteria;p__Firmicutes;c__Clostridia;o__Oscillospirales;f__Ruminococcaceae;g__DTU089,d__Bacteria;p__Actinobacteriota;c__Actinobacteria;o__Corynebacteriales;f__Corynebacteriaceae;g__Lawsonella,d__Bacteria;p__Firmicutes;c__Bacilli;o__Erysipelotrichales;f__Erysipelatoclostridiaceae;g__Candidatus_Stoquefichus,d__Bacteria;p__Proteobacteria;c__Gammaproteobacteria;o__Enterobacterales;f__Enterobacteriaceae;g__Escherichia-Shigella,d__Bacteria;p__Firmicutes;c__Clostridia;o__Lachnospirales;f__Lachnospiraceae;g__UC5-1-2E3,d__Bacteria;p__Actinobacteriota;c__Coriobacteriia;o__Coriobacteriales;f__Eggerthellaceae;g__Gordonibacter,d__Bacteria;p__Proteobacteria;c__Gammaproteobacteria;o__Burkholderiales;f__Comamonadaceae;__,d__Bacteria;p__Bacteroidota;c__Bacteroidia;__;__;__,d__Bacteria;p__Actinobacteriota;c__Actinobacteria;o__Actinomycetales;f__Actinomycetaceae;g__Mobiluncus,d__Bacteria;p__Bacteroidota;c__Bacteroidia;o__Flavobacteriales;f__Flavobacteriaceae;g__uncultured,d__Bacteria;p__Verrucomicrobiota;c__Verrucomicrobiae;o__Verrucomicrobiales;f__Akkermansiaceae;g__Akkermansia,d__Bacteria;p__Firmicutes;c__Clostridia;o__Lachnospirales;f__Lachnospiraceae;g__[Ruminococcus]_gnavus_group,d__Bacteria;p__Firmicutes;c__Clostridia;o__Oscillospirales;f__[Clostridium]_methylpentosum_group;g__[Clostridium]_methylpentosum_group,d__Bacteria;p__Actinobacteriota;c__Coriobacteriia;o__Coriobacteriales;f__Eggerthellaceae;g__Senegalimassilia,group
SRR13247365,1518.0,29.0,3997.0,496.0,255.0,324.0,656.0,251.0,0.0,1246.0,10746.0,82.0,1568.0,30.0,0.0,484.0,3.0,77.0,0.0,180.0,0.0,0.0,421.0,0.0,8621.0,3762.0,7.0,21.0,3.0,0.0,3698.0,306.0,49.0,0.0,88.0,4171.0,0.0,20.0,0.0,0.0,3105.0,0.0,5323.0,164.0,28.0,393.0,0.0,0.0,158.0,16.0,24.0,259.0,112.0,119.0,113.0,0.0,142.0,0.0,0.0,197.0,3.0,140.0,26.0,97.0,0.0,85.0,181.0,0.0,14.0,60.0,9.0,0.0,0.0,6704.0,8.0,0.0,0.0,0.0,630.0,0.0,14.0,395.0,0.0,30.0,0.0,0.0,0.0,14.0,2076.0,744.0,32.0,0.0,153.0,65.0,0.0,21.0,318.0,0.0,0.0,0.0,8.0,0.0,298.0,9.0,447.0,0.0,0.0,8.0,0.0,2134.0,6.0,38.0,3.0,21.0,0.0,0.0,104.0,0.0,7.0,154.0,14.0,122.0,0.0,0.0,0.0,52.0,0.0,0.0,31.0,164.0,8.0,0.0,398.0,195.0,409.0,3.0,0.0,0.0,0.0,82.0,0.0,0.0,33.0,4782.0,0.0,0.0,2.0,29.0,0.0,0.0,0.0,0.0,0.0,0.0,0.0,0.0,40.0,37.0,191.0,42.0,0.0,0.0,0.0,52.0,136.0,0.0,0.0,0.0,48.0,0.0,33.0,0.0,16.0,150.0,19.0,0.0,1491.0,0.0,0.0,426.0,478.0,0.0,0.0,98.0,7.0,0.0,38.0,21.0,0.0,19.0,35.0,0.0,0.0,40.0,0.0,0.0,3.0,0.0,0.0,111.0,15.0,0.0,0.0,424.0,0.0,0.0,100.0,0.0,10.0,0.0,0.0,0.0,0.0,0.0,13.0,0.0,0.0,145.0,110.0,0.0,126.0,0.0,0.0,0.0,63.0,0.0,0.0,10.0,0.0,134.0,156.0,0.0,0.0,128.0,14.0,0.0,0.0,0.0,0.0,0.0,1972.0,0.0,28.0,21.0,ibs
SRR13247365C,1518.0,29.0,3997.0,496.0,255.0,324.0,656.0,251.0,0.0,1246.0,10746.0,82.0,1568.0,30.0,0.0,484.0,3.0,77.0,0.0,180.0,0.0,0.0,421.0,0.0,8621.0,3762.0,7.0,21.0,3.0,0.0,3698.0,306.0,49.0,0.0,88.0,4171.0,0.0,20.0,0.0,0.0,3105.0,0.0,5323.0,164.0,28.0,393.0,0.0,0.0,158.0,16.0,24.0,259.0,112.0,119.0,113.0,0.0,142.0,0.0,0.0,197.0,3.0,140.0,26.0,97.0,0.0,85.0,181.0,0.0,14.0,60.0,9.0,0.0,0.0,6704.0,8.0,0.0,0.0,0.0,630.0,0.0,14.0,395.0,0.0,30.0,0.0,0.0,0.0,14.0,2076.0,744.0,32.0,0.0,153.0,65.0,0.0,21.0,318.0,0.0,0.0,0.0,8.0,0.0,298.0,9.0,447.0,0.0,0.0,8.0,0.0,2134.0,6.0,38.0,3.0,21.0,0.0,0.0,104.0,0.0,7.0,154.0,14.0,122.0,0.0,0.0,0.0,52.0,0.0,0.0,31.0,164.0,8.0,0.0,398.0,195.0,409.0,3.0,0.0,0.0,0.0,82.0,0.0,0.0,33.0,4782.0,0.0,0.0,2.0,29.0,0.0,0.0,0.0,0.0,0.0,0.0,0.0,0.0,40.0,37.0,191.0,42.0,0.0,0.0,0.0,52.0,136.0,0.0,0.0,0.0,48.0,0.0,33.0,0.0,16.0,150.0,19.0,0.0,1491.0,0.0,0.0,426.0,478.0,0.0,0.0,98.0,7.0,0.0,38.0,21.0,0.0,19.0,35.0,0.0,0.0,40.0,0.0,0.0,3.0,0.0,0.0,111.0,15.0,0.0,0.0,424.0,0.0,0.0,100.0,0.0,10.0,0.0,0.0,0.0,0.0,0.0,13.0,0.0,0.0,145.0,110.0,0.0,126.0,0.0,0.0,0.0,63.0,0.0,0.0,10.0,0.0,134.0,156.0,0.0,0.0,128.0,14.0,0.0,0.0,0.0,0.0,0.0,1972.0,0.0,28.0,21.0,controle
SRR13247372,1523.0,623.0,17318.0,282.0,113.0,0.0,145.0,90.0,0.0,1042.0,9692.0,152.0,1581.0,185.0,0.0,775.0,0.0,44.0,0.0,392.0,255.0,0.0,13527.0,15.0,6142.0,894.0,0.0,26.0,0.0,0.0,3637.0,0.0,7.0,0.0,410.0,3871.0,762.0,152.0,853.0,0.0,853.0,0.0,2082.0,958.0,0.0,355.0,5.0,0.0,305.0,26.0,69.0,204.0,2123.0,0.0,96.0,34.0,79.0,0.0,6.0,232.0,0.0,911.0,0.0,756.0,158.0,223.0,742.0,0.0,130.0,31.0,0.0,3.0,45.0,1355.0,0.0,0.0,0.0,4.0,3045.0,0.0,20.0,341.0,0.0,7.0,23.0,0.0,0.0,24.0,161.0,836.0,8.0,0.0,56.0,91.0,12.0,39.0,520.0,20.0,0.0,0.0,51.0,0.0,0.0,14.0,0.0,25.0,0.0,8.0,0.0,9.0,0.0,47.0,165.0,0.0,0.0,0.0,78.0,0.0,0.0,40.0,0.0,644.0,94.0,0.0,0.0,43.0,0.0,0.0,22.0,230.0,0.0,0.0,266.0,121.0,11.0,0.0,0.0,0.0,231.0,55.0,51.0,15.0,62.0,127.0,13.0,6.0,0.0,0.0,0.0,0.0,0.0,3.0,0.0,6.0,15.0,0.0,0.0,0.0,796.0,0.0,34.0,0.0,0.0,454.0,312.0,0.0,143.0,428.0,10.0,0.0,650.0,0.0,14.0,510.0,65.0,0.0,1239.0,0.0,0.0,123.0,0.0,0.0,0.0,75.0,46.0,0.0,0.0,0.0,0.0,0.0,0.0,0.0,3.0,0.0,0.0,0.0,0.0,0.0,0.0,426.0,0.0,139.0,0.0,5.0,4.0,22.0,0.0,0.0,0.0,0.0,0.0,0.0,0.0,10.0,0.0,0.0,7.0,228.0,0.0,31.0,228.0,0.0,112.0,6.0,9.0,0.0,0.0,0.0,0.0,0.0,51.0,0.0,0.0,180.0,0.0,0.0,0.0,3.0,0.0,0.0,611.0,0.0,55.0,0.0,ibs
SRR13247372C,1523.0,623.0,17318.0,282.0,113.0,0.0,145.0,90.0,0.0,1042.0,9692.0,152.0,1581.0,185.0,0.0,775.0,0.0,44.0,0.0,392.0,255.0,0.0,13527.0,15.0,6142.0,894.0,0.0,26.0,0.0,0.0,3637.0,0.0,7.0,0.0,410.0,3871.0,762.0,152.0,853.0,0.0,853.0,0.0,2082.0,958.0,0.0,355.0,5.0,0.0,305.0,26.0,69.0,204.0,2123.0,0.0,96.0,34.0,79.0,0.0,6.0,232.0,0.0,911.0,0.0,756.0,158.0,223.0,742.0,0.0,130.0,31.0,0.0,3.0,45.0,1355.0,0.0,0.0,0.0,4.0,3045.0,0.0,20.0,341.0,0.0,7.0,23.0,0.0,0.0,24.0,161.0,836.0,8.0,0.0,56.0,91.0,12.0,39.0,520.0,20.0,0.0,0.0,51.0,0.0,0.0,14.0,0.0,25.0,0.0,8.0,0.0,9.0,0.0,47.0,165.0,0.0,0.0,0.0,78.0,0.0,0.0,40.0,0.0,644.0,94.0,0.0,0.0,43.0,0.0,0.0,22.0,230.0,0.0,0.0,266.0,121.0,11.0,0.0,0.0,0.0,231.0,55.0,51.0,15.0,62.0,127.0,13.0,6.0,0.0,0.0,0.0,0.0,0.0,3.0,0.0,6.0,15.0,0.0,0.0,0.0,796.0,0.0,34.0,0.0,0.0,454.0,312.0,0.0,143.0,428.0,10.0,0.0,650.0,0.0,14.0,510.0,65.0,0.0,1239.0,0.0,0.0,123.0,0.0,0.0,0.0,75.0,46.0,0.0,0.0,0.0,0.0,0.0,0.0,0.0,3.0,0.0,0.0,0.0,0.0,0.0,0.0,426.0,0.0,139.0,0.0,5.0,4.0,22.0,0.0,0.0,0.0,0.0,0.0,0.0,0.0,10.0,0.0,0.0,7.0,228.0,0.0,31.0,228.0,0.0,112.0,6.0,9.0,0.0,0.0,0.0,0.0,0.0,51.0,0.0,0.0,180.0,0.0,0.0,0.0,3.0,0.0,0.0,611.0,0.0,55.0,0.0,controle
SRR13247410,4215.0,0.0,8353.0,52.0,17.0,0.0,269.0,24.0,10.0,2427.0,5652.0,165.0,124.0,14.0,0.0,286.0,4.0,367.0,9.0,58.0,0.0,0.0,27.0,0.0,24364.0,231.0,0.0,18.0,98.0,0.0,4200.0,14.0,0.0,53.0,253.0,1144.0,584.0,29.0,218.0,0.0,23.0,0.0,5086.0,95.0,50.0,774.0,0.0,0.0,729.0,0.0,0.0,28.0,766.0,8.0,270.0,0.0,34.0,0.0,0.0,2089.0,0.0,0.0,0.0,732.0,0.0,51.0,58.0,0.0,27.0,24.0,16.0,0.0,0.0,2404.0,4.0,0.0,0.0,3.0,969.0,1358.0,17.0,144.0,0.0,0.0,0.0,0.0,0.0,52.0,133.0,3281.0,0.0,13.0,11.0,154.0,0.0,55.0,527.0,0.0,0.0,0.0,29.0,0.0,0.0,0.0,0.0,0.0,0.0,19.0,0.0,471.0,0.0,0.0,446.0,0.0,0.0,5.0,0.0,0.0,10.0,28.0,0.0,709.0,7.0,4.0,0.0,0.0,0.0,29.0,29.0,158.0,0.0,0.0,588.0,31.0,0.0,0.0,0.0,0.0,35.0,0.0,7.0,0.0,0.0,1831.0,0.0,0.0,0.0,15.0,0.0,0.0,0.0,0.0,0.0,6.0,0.0,0.0,9.0,14.0,27.0,0.0,0.0,0.0,0.0,0.0,35.0,0.0,0.0,5.0,0.0,0.0,1906.0,0.0,0.0,0.0,119.0,0.0,101.0,0.0,11.0,229.0,0.0,0.0,0.0,77.0,12.0,0.0,540.0,0.0,19.0,0.0,24.0,10.0,0.0,0.0,0.0,0.0,0.0,0.0,0.0,648.0,23.0,0.0,0.0,0.0,0.0,0.0,0.0,0.0,0.0,0.0,0.0,0.0,0.0,0.0,0.0,0.0,4.0,57.0,6.0,0.0,316.0,0.0,0.0,0.0,0.0,0.0,0.0,0.0,0.0,121.0,0.0,0.0,0.0,384.0,0.0,9.0,0.0,0.0,0.0,0.0,0.0,0.0,0.0,0.0,ibs
SRR13247410C,4215.0,0.0,8353.0,52.0,17.0,0.0,269.0,24.0,10.0,2427.0,5652.0,165.0,124.0,14.0,0.0,286.0,4.0,367.0,9.0,58.0,0.0,0.0,27.0,0.0,24364.0,231.0,0.0,18.0,98.0,0.0,4200.0,14.0,0.0,53.0,253.0,1144.0,584.0,29.0,218.0,0.0,23.0,0.0,5086.0,95.0,50.0,774.0,0.0,0.0,729.0,0.0,0.0,28.0,766.0,8.0,270.0,0.0,34.0,0.0,0.0,2089.0,0.0,0.0,0.0,732.0,0.0,51.0,58.0,0.0,27.0,24.0,16.0,0.0,0.0,2404.0,4.0,0.0,0.0,3.0,969.0,1358.0,17.0,144.0,0.0,0.0,0.0,0.0,0.0,52.0,133.0,3281.0,0.0,13.0,11.0,154.0,0.0,55.0,527.0,0.0,0.0,0.0,29.0,0.0,0.0,0.0,0.0,0.0,0.0,19.0,0.0,471.0,0.0,0.0,446.0,0.0,0.0,5.0,0.0,0.0,10.0,28.0,0.0,709.0,7.0,4.0,0.0,0.0,0.0,29.0,29.0,158.0,0.0,0.0,588.0,31.0,0.0,0.0,0.0,0.0,35.0,0.0,7.0,0.0,0.0,1831.0,0.0,0.0,0.0,15.0,0.0,0.0,0.0,0.0,0.0,6.0,0.0,0.0,9.0,14.0,27.0,0.0,0.0,0.0,0.0,0.0,35.0,0.0,0.0,5.0,0.0,0.0,1906.0,0.0,0.0,0.0,119.0,0.0,101.0,0.0,11.0,229.0,0.0,0.0,0.0,77.0,12.0,0.0,540.0,0.0,19.0,0.0,24.0,10.0,0.0,0.0,0.0,0.0,0.0,0.0,0.0,648.0,23.0,0.0,0.0,0.0,0.0,0.0,0.0,0.0,0.0,0.0,0.0,0.0,0.0,0.0,0.0,0.0,4.0,57.0,6.0,0.0,316.0,0.0,0.0,0.0,0.0,0.0,0.0,0.0,0.0,121.0,0.0,0.0,0.0,384.0,0.0,9.0,0.0,0.0,0.0,0.0,0.0,0.0,0.0,0.0,controle
SRR13247414,4273.0,0.0,4274.0,0.0,210.0,290.0,1744.0,109.0,11.0,1570.0,7212.0,17.0,864.0,29.0,0.0,114.0,30.0,10.0,0.0,232.0,56.0,124.0,74.0,0.0,7028.0,186.0,0.0,29.0,6.0,322.0,1789.0,8.0,0.0,0.0,40.0,1287.0,0.0,27.0,0.0,0.0,100.0,0.0,1863.0,100.0,0.0,213.0,0.0,3.0,371.0,0.0,2.0,20.0,324.0,0.0,0.0,0.0,38.0,0.0,0.0,254.0,0.0,0.0,0.0,297.0,0.0,191.0,384.0,0.0,70.0,15.0,0.0,0.0,0.0,6816.0,93.0,0.0,0.0,0.0,1372.0,2162.0,24.0,76.0,0.0,7.0,0.0,31.0,0.0,31.0,1926.0,108.0,0.0,0.0,7.0,62.0,25.0,174.0,775.0,0.0,0.0,0.0,35.0,0.0,0.0,0.0,0.0,14.0,0.0,7.0,3.0,1555.0,0.0,44.0,98.0,0.0,48.0,0.0,0.0,8.0,0.0,48.0,0.0,1015.0,0.0,0.0,0.0,36.0,0.0,0.0,112.0,18.0,0.0,0.0,1236.0,0.0,0.0,0.0,6.0,0.0,117.0,45.0,0.0,0.0,4.0,6365.0,0.0,0.0,3.0,24.0,0.0,20.0,0.0,0.0,6.0,8.0,0.0,104.0,11.0,0.0,115.0,12.0,0.0,0.0,37.0,2.0,41.0,0.0,0.0,0.0,8.0,0.0,49.0,0.0,0.0,0.0,27.0,0.0,0.0,0.0,0.0,103.0,0.0,0.0,0.0,33.0,0.0,0.0,88.0,0.0,0.0,0.0,0.0,0.0,0.0,0.0,0.0,0.0,0.0,17.0,0.0,621.0,25.0,0.0,0.0,67.0,0.0,0.0,22.0,0.0,0.0,58.0,9.0,0.0,0.0,0.0,0.0,8423.0,20.0,11.0,0.0,0.0,501.0,0.0,188.0,0.0,0.0,0.0,2.0,0.0,0.0,0.0,31.0,0.0,0.0,10.0,0.0,0.0,0.0,0.0,6.0,0.0,0.0,0.0,22.0,29.0,ibs
SRR13247414C,4273.0,0.0,4274.0,0.0,210.0,290.0,1744.0,109.0,11.0,1570.0,7212.0,17.0,864.0,29.0,0.0,114.0,30.0,10.0,0.0,232.0,56.0,124.0,74.0,0.0,7028.0,186.0,0.0,29.0,6.0,322.0,1789.0,8.0,0.0,0.0,40.0,1287.0,0.0,27.0,0.0,0.0,100.0,0.0,1863.0,100.0,0.0,213.0,0.0,3.0,371.0,0.0,2.0,20.0,324.0,0.0,0.0,0.0,38.0,0.0,0.0,254.0,0.0,0.0,0.0,297.0,0.0,191.0,384.0,0.0,70.0,15.0,0.0,0.0,0.0,6816.0,93.0,0.0,0.0,0.0,1372.0,2162.0,24.0,76.0,0.0,7.0,0.0,31.0,0.0,31.0,1926.0,108.0,0.0,0.0,7.0,62.0,25.0,174.0,775.0,0.0,0.0,0.0,35.0,0.0,0.0,0.0,0.0,14.0,0.0,7.0,3.0,1555.0,0.0,44.0,98.0,0.0,48.0,0.0,0.0,8.0,0.0,48.0,0.0,1015.0,0.0,0.0,0.0,36.0,0.0,0.0,112.0,18.0,0.0,0.0,1236.0,0.0,0.0,0.0,6.0,0.0,117.0,45.0,0.0,0.0,4.0,6365.0,0.0,0.0,3.0,24.0,0.0,20.0,0.0,0.0,6.0,8.0,0.0,104.0,11.0,0.0,115.0,12.0,0.0,0.0,37.0,2.0,41.0,0.0,0.0,0.0,8.0,0.0,49.0,0.0,0.0,0.0,27.0,0.0,0.0,0.0,0.0,103.0,0.0,0.0,0.0,33.0,0.0,0.0,88.0,0.0,0.0,0.0,0.0,0.0,0.0,0.0,0.0,0.0,0.0,17.0,0.0,621.0,25.0,0.0,0.0,67.0,0.0,0.0,22.0,0.0,0.0,58.0,9.0,0.0,0.0,0.0,0.0,8423.0,20.0,11.0,0.0,0.0,501.0,0.0,188.0,0.0,0.0,0.0,2.0,0.0,0.0,0.0,31.0,0.0,0.0,10.0,0.0,0.0,0.0,0.0,6.0,0.0,0.0,0.0,22.0,29.0,controle
SRR13247420,2550.0,132.0,7558.0,867.0,3750.0,0.0,477.0,0.0,3.0,1333.0,3173.0,39.0,1658.0,107.0,0.0,547.0,421.0,14.0,0.0,69.0,189.0,5.0,2225.0,0.0,1751.0,2929.0,8.0,18.0,0.0,89.0,154.0,596.0,0.0,16.0,6749.0,3982.0,586.0,195.0,311.0,0.0,721.0,24.0,1028.0,66.0,5.0,241.0,18.0,0.0,12.0,56.0,103.0,186.0,2064.0,8.0,36.0,0.0,87.0,286.0,0.0,2436.0,0.0,24.0,3.0,1155.0,6.0,199.0,944.0,44.0,443.0,34.0,79.0,6.0,0.0,1738.0,181.0,73.0,8.0,0.0,986.0,5540.0,69.0,338.0,7.0,38.0,0.0,0.0,0.0,59.0,8899.0,53.0,0.0,0.0,1082.0,12.0,21.0,48.0,3358.0,0.0,49.0,0.0,0.0,32.0,152.0,8.0,6.0,34.0,6.0,81.0,14.0,1453.0,0.0,91.0,31.0,0.0,67.0,4.0,0.0,94.0,6.0,443.0,0.0,1494.0,0.0,116.0,67.0,30.0,9.0,0.0,42.0,125.0,10.0,2.0,258.0,0.0,15.0,0.0,0.0,0.0,54.0,21.0,10.0,0.0,82.0,1843.0,0.0,0.0,0.0,32.0,27.0,40.0,7.0,4.0,0.0,11.0,0.0,74.0,30.0,0.0,245.0,15.0,30.0,8.0,119.0,6.0,62.0,8.0,16.0,0.0,132.0,0.0,0.0,5.0,13.0,749.0,0.0,21.0,83.0,2.0,75.0,25.0,0.0,0.0,0.0,25.0,11.0,49.0,352.0,0.0,451.0,0.0,70.0,7.0,0.0,0.0,260.0,0.0,0.0,19.0,12.0,123.0,70.0,0.0,0.0,540.0,0.0,0.0,90.0,11.0,0.0,18.0,0.0,0.0,5.0,0.0,12.0,1518.0,226.0,1062.0,39.0,0.0,54.0,0.0,27.0,0.0,0.0,0.0,7.0,0.0,5.0,17.0,13.0,5.0,18.0,2606.0,62.0,0.0,0.0,0.0,0.0,25.0,36.0,17.0,92.0,247.0,ibs
SRR13247420C,2550.0,132.0,7558.0,867.0,3750.0,0.0,477.0,0.0,3.0,1333.0,3173.0,39.0,1658.0,107.0,0.0,547.0,421.0,14.0,0.0,69.0,189.0,5.0,2225.0,0.0,1751.0,2929.0,8.0,18.0,0.0,89.0,154.0,596.0,0.0,16.0,6749.0,3982.0,586.0,195.0,311.0,0.0,721.0,24.0,1028.0,66.0,5.0,241.0,18.0,0.0,12.0,56.0,103.0,186.0,2064.0,8.0,36.0,0.0,87.0,286.0,0.0,2436.0,0.0,24.0,3.0,1155.0,6.0,199.0,944.0,44.0,443.0,34.0,79.0,6.0,0.0,1738.0,181.0,73.0,8.0,0.0,986.0,5540.0,69.0,338.0,7.0,38.0,0.0,0.0,0.0,59.0,8899.0,53.0,0.0,0.0,1082.0,12.0,21.0,48.0,3358.0,0.0,49.0,0.0,0.0,32.0,152.0,8.0,6.0,34.0,6.0,81.0,14.0,1453.0,0.0,91.0,31.0,0.0,67.0,4.0,0.0,94.0,6.0,443.0,0.0,1494.0,0.0,116.0,67.0,30.0,9.0,0.0,42.0,125.0,10.0,2.0,258.0,0.0,15.0,0.0,0.0,0.0,54.0,21.0,10.0,0.0,82.0,1843.0,0.0,0.0,0.0,32.0,27.0,40.0,7.0,4.0,0.0,11.0,0.0,74.0,30.0,0.0,245.0,15.0,30.0,8.0,119.0,6.0,62.0,8.0,16.0,0.0,132.0,0.0,0.0,5.0,13.0,749.0,0.0,21.0,83.0,2.0,75.0,25.0,0.0,0.0,0.0,25.0,11.0,49.0,352.0,0.0,451.0,0.0,70.0,7.0,0.0,0.0,260.0,0.0,0.0,19.0,12.0,123.0,70.0,0.0,0.0,540.0,0.0,0.0,90.0,11.0,0.0,18.0,0.0,0.0,5.0,0.0,12.0,1518.0,226.0,1062.0,39.0,0.0,54.0,0.0,27.0,0.0,0.0,0.0,7.0,0.0,5.0,17.0,13.0,5.0,18.0,2606.0,62.0,0.0,0.0,0.0,0.0,25.0,36.0,17.0,92.0,247.0,controle
SRR13247432,435.0,266.0,3321.0,64.0,8.0,0.0,470.0,31.0,0.0,994.0,1474.0,23.0,131.0,19.0,0.0,124.0,0.0,16.0,0.0,56.0,10.0,186.0,1708.0,0.0,8721.0,154.0,0.0,30.0,47.0,0.0,1701.0,2.0,0.0,104.0,578.0,542.0,1174.0,0.0,311.0,0.0,190.0,9.0,265.0,13.0,0.0,605.0,0.0,0.0,458.0,0.0,2.0,3.0,931.0,0.0,10.0,0.0,10.0,4567.0,9.0,1443.0,0.0,73.0,0.0,199.0,58.0,84.0,68.0,0.0,14.0,0.0,49180.0,0.0,0.0,565.0,0.0,0.0,0.0,90.0,668.0,645.0,6.0,13.0,0.0,0.0,0.0,2.0,0.0,7.0,1295.0,561.0,0.0,24.0,15.0,760.0,15.0,0.0,127.0,0.0,189.0,0.0,0.0,0.0,0.0,7.0,0.0,0.0,0.0,0.0,0.0,0.0,0.0,0.0,83.0,0.0,0.0,0.0,0.0,0.0,0.0,0.0,0.0,326.0,0.0,0.0,0.0,13.0,0.0,0.0,123.0,83.0,0.0,0.0,65.0,30.0,38.0,0.0,0.0,6.0,28.0,18.0,0.0,0.0,0.0,248.0,0.0,0.0,0.0,80.0,0.0,8804.0,0.0,0.0,0.0,165.0,0.0,0.0,0.0,40.0,10.0,0.0,0.0,0.0,4.0,0.0,0.0,0.0,0.0,66.0,0.0,0.0,73.0,0.0,0.0,0.0,55.0,0.0,46.0,0.0,0.0,646.0,0.0,0.0,2.0,30.0,0.0,0.0,24.0,0.0,0.0,0.0,0.0,0.0,0.0,0.0,19.0,0.0,0.0,0.0,34.0,91.0,0.0,0.0,2.0,9.0,0.0,0.0,7.0,0.0,0.0,0.0,0.0,0.0,0.0,0.0,0.0,214.0,0.0,9.0,0.0,0.0,28.0,447.0,46.0,0.0,0.0,7.0,0.0,0.0,0.0,49.0,0.0,0.0,0.0,27.0,0.0,0.0,0.0,0.0,0.0,0.0,97.0,0.0,0.0,38.0,ibs
SRR13247432C,435.0,266.0,3321.0,64.0,8.0,0.0,470.0,31.0,0.0,994.0,1474.0,23.0,131.0,19.0,0.0,124.0,0.0,16.0,0.0,56.0,10.0,186.0,1708.0,0.0,8721.0,154.0,0.0,30.0,47.0,0.0,1701.0,2.0,0.0,104.0,578.0,542.0,1174.0,0.0,311.0,0.0,190.0,9.0,265.0,13.0,0.0,605.0,0.0,0.0,458.0,0.0,2.0,3.0,931.0,0.0,10.0,0.0,10.0,4567.0,9.0,1443.0,0.0,73.0,0.0,199.0,58.0,84.0,68.0,0.0,14.0,0.0,49180.0,0.0,0.0,565.0,0.0,0.0,0.0,90.0,668.0,645.0,6.0,13.0,0.0,0.0,0.0,2.0,0.0,7.0,1295.0,561.0,0.0,24.0,15.0,760.0,15.0,0.0,127.0,0.0,189.0,0.0,0.0,0.0,0.0,7.0,0.0,0.0,0.0,0.0,0.0,0.0,0.0,0.0,83.0,0.0,0.0,0.0,0.0,0.0,0.0,0.0,0.0,326.0,0.0,0.0,0.0,13.0,0.0,0.0,123.0,83.0,0.0,0.0,65.0,30.0,38.0,0.0,0.0,6.0,28.0,18.0,0.0,0.0,0.0,248.0,0.0,0.0,0.0,80.0,0.0,8804.0,0.0,0.0,0.0,165.0,0.0,0.0,0.0,40.0,10.0,0.0,0.0,0.0,4.0,0.0,0.0,0.0,0.0,66.0,0.0,0.0,73.0,0.0,0.0,0.0,55.0,0.0,46.0,0.0,0.0,646.0,0.0,0.0,2.0,30.0,0.0,0.0,24.0,0.0,0.0,0.0,0.0,0.0,0.0,0.0,19.0,0.0,0.0,0.0,34.0,91.0,0.0,0.0,2.0,9.0,0.0,0.0,7.0,0.0,0.0,0.0,0.0,0.0,0.0,0.0,0.0,214.0,0.0,9.0,0.0,0.0,28.0,447.0,46.0,0.0,0.0,7.0,0.0,0.0,0.0,49.0,0.0,0.0,0.0,27.0,0.0,0.0,0.0,0.0,0.0,0.0,97.0,0.0,0.0,38.0,controle
SRR13247439,2452.0,0.0,2955.0,289.0,65.0,950.0,1561.0,29.0,0.0,961.0,8078.0,52.0,1122.0,0.0,3.0,111.0,0.0,206.0,0.0,89.0,49.0,330.0,130.0,7.0,30073.0,692.0,0.0,101.0,0.0,0.0,8133.0,0.0,0.0,19.0,421.0,2067.0,14.0,0.0,0.0,0.0,429.0,0.0,2365.0,435.0,0.0,862.0,0.0,0.0,604.0,13.0,0.0,27.0,982.0,0.0,32.0,6.0,37.0,0.0,0.0,556.0,0.0,182.0,0.0,388.0,0.0,34.0,45.0,0.0,35.0,5.0,1225.0,0.0,0.0,2082.0,101.0,0.0,0.0,0.0,991.0,0.0,5.0,32.0,8.0,0.0,0.0,0.0,0.0,20.0,1812.0,866.0,0.0,0.0,2.0,8.0,32.0,0.0,193.0,0.0,0.0,0.0,25.0,6.0,0.0,0.0,0.0,26.0,0.0,0.0,0.0,6360.0,0.0,109.0,334.0,6.0,0.0,0.0,36.0,5.0,6.0,82.0,0.0,857.0,0.0,0.0,0.0,43.0,0.0,18.0,130.0,376.0,0.0,0.0,261.0,67.0,11.0,0.0,0.0,0.0,76.0,15.0,0.0,0.0,15.0,1216.0,0.0,0.0,0.0,26.0,0.0,4.0,0.0,0.0,0.0,0.0,0.0,0.0,20.0,23.0,48.0,0.0,0.0,0.0,0.0,34.0,19.0,0.0,0.0,0.0,7.0,0.0,887.0,0.0,0.0,7.0,160.0,0.0,597.0,0.0,0.0,34.0,0.0,0.0,0.0,40.0,0.0,0.0,491.0,0.0,24.0,0.0,0.0,0.0,0.0,0.0,0.0,56.0,0.0,0.0,92.0,658.0,40.0,4.0,0.0,53.0,0.0,0.0,69.0,0.0,0.0,0.0,0.0,0.0,0.0,0.0,0.0,0.0,11.0,48.0,0.0,0.0,1094.0,0.0,1087.0,2.0,0.0,0.0,0.0,0.0,0.0,19.0,6.0,0.0,0.0,16.0,12.0,0.0,0.0,0.0,0.0,0.0,34.0,0.0,0.0,43.0,ibs
SRR13247439C,2452.0,0.0,2955.0,289.0,65.0,950.0,1561.0,29.0,0.0,961.0,8078.0,52.0,1122.0,0.0,3.0,111.0,0.0,206.0,0.0,89.0,49.0,330.0,130.0,7.0,30073.0,692.0,0.0,101.0,0.0,0.0,8133.0,0.0,0.0,19.0,421.0,2067.0,14.0,0.0,0.0,0.0,429.0,0.0,2365.0,435.0,0.0,862.0,0.0,0.0,604.0,13.0,0.0,27.0,982.0,0.0,32.0,6.0,37.0,0.0,0.0,556.0,0.0,182.0,0.0,388.0,0.0,34.0,45.0,0.0,35.0,5.0,1225.0,0.0,0.0,2082.0,101.0,0.0,0.0,0.0,991.0,0.0,5.0,32.0,8.0,0.0,0.0,0.0,0.0,20.0,1812.0,866.0,0.0,0.0,2.0,8.0,32.0,0.0,193.0,0.0,0.0,0.0,25.0,6.0,0.0,0.0,0.0,26.0,0.0,0.0,0.0,6360.0,0.0,109.0,334.0,6.0,0.0,0.0,36.0,5.0,6.0,82.0,0.0,857.0,0.0,0.0,0.0,43.0,0.0,18.0,130.0,376.0,0.0,0.0,261.0,67.0,11.0,0.0,0.0,0.0,76.0,15.0,0.0,0.0,15.0,1216.0,0.0,0.0,0.0,26.0,0.0,4.0,0.0,0.0,0.0,0.0,0.0,0.0,20.0,23.0,48.0,0.0,0.0,0.0,0.0,34.0,19.0,0.0,0.0,0.0,7.0,0.0,887.0,0.0,0.0,7.0,160.0,0.0,597.0,0.0,0.0,34.0,0.0,0.0,0.0,40.0,0.0,0.0,491.0,0.0,24.0,0.0,0.0,0.0,0.0,0.0,0.0,56.0,0.0,0.0,92.0,658.0,40.0,4.0,0.0,53.0,0.0,0.0,69.0,0.0,0.0,0.0,0.0,0.0,0.0,0.0,0.0,0.0,11.0,48.0,0.0,0.0,1094.0,0.0,1087.0,2.0,0.0,0.0,0.0,0.0,0.0,19.0,6.0,0.0,0.0,16.0,12.0,0.0,0.0,0.0,0.0,0.0,34.0,0.0,0.0,43.0,controle
SRR13247459,5157.0,0.0,1741.0,70.0,104.0,0.0,1802.0,845.0,0.0,2124.0,17697.0,222.0,304.0,2.0,0.0,103.0,0.0,249.0,0.0,150.0,17.0,0.0,6.0,0.0,5881.0,431.0,0.0,80.0,0.0,0.0,24938.0,0.0,225.0,74.0,182.0,1217.0,0.0,11.0,374.0,0.0,130.0,0.0,772.0,40.0,0.0,2718.0,0.0,0.0,382.0,0.0,2.0,8.0,3239.0,0.0,404.0,0.0,10.0,0.0,0.0,145.0,0.0,0.0,0.0,974.0,0.0,27.0,265.0,0.0,57.0,25.0,0.0,0.0,3.0,2401.0,115.0,0.0,0.0,0.0,611.0,0.0,19.0,13.0,0.0,0.0,0.0,0.0,3.0,30.0,317.0,525.0,0.0,15.0,0.0,25.0,8.0,73.0,530.0,0.0,0.0,0.0,13.0,0.0,0.0,3.0,121.0,0.0,0.0,3.0,0.0,449.0,0.0,32.0,404.0,0.0,9.0,0.0,0.0,0.0,0.0,112.0,0.0,412.0,32.0,0.0,0.0,42.0,0.0,29.0,111.0,248.0,0.0,0.0,369.0,250.0,0.0,0.0,0.0,12.0,6.0,19.0,19.0,0.0,0.0,1509.0,0.0,0.0,0.0,15.0,0.0,0.0,0.0,0.0,0.0,0.0,0.0,0.0,40.0,58.0,92.0,0.0,0.0,0.0,0.0,14.0,0.0,0.0,0.0,0.0,0.0,39.0,1129.0,0.0,0.0,0.0,159.0,0.0,80.0,0.0,0.0,210.0,0.0,0.0,0.0,36.0,32.0,0.0,180.0,0.0,46.0,0.0,0.0,0.0,0.0,0.0,0.0,0.0,0.0,0.0,63.0,1206.0,72.0,160.0,0.0,32.0,0.0,0.0,0.0,0.0,0.0,0.0,9.0,0.0,0.0,0.0,0.0,0.0,0.0,17.0,0.0,0.0,107.0,1512.0,520.0,0.0,0.0,0.0,0.0,0.0,0.0,307.0,32.0,0.0,0.0,0.0,0.0,0.0,0.0,0.0,0.0,0.0,203.0,0.0,14.0,0.0,ibs
SRR13247459C,5157.0,0.0,1741.0,70.0,104.0,0.0,1802.0,845.0,0.0,2124.0,17697.0,222.0,304.0,2.0,0.0,103.0,0.0,249.0,0.0,150.0,17.0,0.0,6.0,0.0,5881.0,431.0,0.0,80.0,0.0,0.0,24938.0,0.0,225.0,74.0,182.0,1217.0,0.0,11.0,374.0,0.0,130.0,0.0,772.0,40.0,0.0,2718.0,0.0,0.0,382.0,0.0,2.0,8.0,3239.0,0.0,404.0,0.0,10.0,0.0,0.0,145.0,0.0,0.0,0.0,974.0,0.0,27.0,265.0,0.0,57.0,25.0,0.0,0.0,3.0,2401.0,115.0,0.0,0.0,0.0,611.0,0.0,19.0,13.0,0.0,0.0,0.0,0.0,3.0,30.0,317.0,525.0,0.0,15.0,0.0,25.0,8.0,73.0,530.0,0.0,0.0,0.0,13.0,0.0,0.0,3.0,121.0,0.0,0.0,3.0,0.0,449.0,0.0,32.0,404.0,0.0,9.0,0.0,0.0,0.0,0.0,112.0,0.0,412.0,32.0,0.0,0.0,42.0,0.0,29.0,111.0,248.0,0.0,0.0,369.0,250.0,0.0,0.0,0.0,12.0,6.0,19.0,19.0,0.0,0.0,1509.0,0.0,0.0,0.0,15.0,0.0,0.0,0.0,0.0,0.0,0.0,0.0,0.0,40.0,58.0,92.0,0.0,0.0,0.0,0.0,14.0,0.0,0.0,0.0,0.0,0.0,39.0,1129.0,0.0,0.0,0.0,159.0,0.0,80.0,0.0,0.0,210.0,0.0,0.0,0.0,36.0,32.0,0.0,180.0,0.0,46.0,0.0,0.0,0.0,0.0,0.0,0.0,0.0,0.0,0.0,63.0,1206.0,72.0,160.0,0.0,32.0,0.0,0.0,0.0,0.0,0.0,0.0,9.0,0.0,0.0,0.0,0.0,0.0,0.0,17.0,0.0,0.0,107.0,1512.0,520.0,0.0,0.0,0.0,0.0,0.0,0.0,307.0,32.0,0.0,0.0,0.0,0.0,0.0,0.0,0.0,0.0,0.0,203.0,0.0,14.0,0.0,controle
SRR13247464,1636.0,579.0,4524.0,312.0,58.0,0.0,1219.0,1322.0,0.0,3427.0,2127.0,54.0,1354.0,20.0,0.0,150.0,0.0,107.0,2.0,187.0,55.0,0.0,4085.0,3.0,18828.0,714.0,0.0,48.0,7.0,598.0,2268.0,0.0,85.0,237.0,47.0,1827.0,879.0,72.0,28.0,15.0,395.0,0.0,729.0,191.0,0.0,992.0,0.0,0.0,1561.0,22.0,11.0,61.0,2491.0,0.0,210.0,31.0,39.0,0.0,0.0,1652.0,0.0,418.0,2.0,665.0,59.0,9.0,245.0,2.0,90.0,8.0,8045.0,0.0,0.0,923.0,0.0,0.0,0.0,0.0,1268.0,2469.0,7.0,28.0,0.0,0.0,0.0,0.0,0.0,49.0,279.0,309.0,12.0,5.0,24.0,325.0,0.0,69.0,205.0,0.0,0.0,3.0,0.0,0.0,9.0,0.0,0.0,7.0,0.0,8.0,0.0,3041.0,0.0,53.0,248.0,0.0,23.0,0.0,0.0,8.0,0.0,163.0,0.0,708.0,41.0,0.0,0.0,26.0,0.0,4.0,275.0,37.0,0.0,0.0,254.0,273.0,0.0,0.0,0.0,26.0,17.0,33.0,0.0,0.0,7.0,392.0,9.0,0.0,2.0,165.0,0.0,12.0,0.0,0.0,0.0,0.0,0.0,0.0,0.0,89.0,133.0,0.0,0.0,0.0,0.0,3.0,161.0,0.0,52.0,99.0,0.0,0.0,820.0,0.0,8.0,26.0,62.0,0.0,41.0,0.0,0.0,377.0,0.0,48.0,0.0,61.0,0.0,0.0,124.0,0.0,21.0,0.0,0.0,4.0,0.0,5.0,46.0,0.0,0.0,0.0,70.0,246.0,83.0,0.0,0.0,317.0,0.0,15.0,2.0,0.0,0.0,0.0,39.0,2.0,0.0,7.0,0.0,0.0,0.0,16.0,0.0,0.0,201.0,0.0,146.0,0.0,6.0,0.0,3.0,0.0,0.0,0.0,17.0,0.0,0.0,8.0,0.0,0.0,3.0,0.0,0.0,0.0,812.0,0.0,19.0,7.0,ibs
SRR13247464C,1636.0,579.0,4524.0,312.0,58.0,0.0,1219.0,1322.0,0.0,3427.0,2127.0,54.0,1354.0,20.0,0.0,150.0,0.0,107.0,2.0,187.0,55.0,0.0,4085.0,3.0,18828.0,714.0,0.0,48.0,7.0,598.0,2268.0,0.0,85.0,237.0,47.0,1827.0,879.0,72.0,28.0,15.0,395.0,0.0,729.0,191.0,0.0,992.0,0.0,0.0,1561.0,22.0,11.0,61.0,2491.0,0.0,210.0,31.0,39.0,0.0,0.0,1652.0,0.0,418.0,2.0,665.0,59.0,9.0,245.0,2.0,90.0,8.0,8045.0,0.0,0.0,923.0,0.0,0.0,0.0,0.0,1268.0,2469.0,7.0,28.0,0.0,0.0,0.0,0.0,0.0,49.0,279.0,309.0,12.0,5.0,24.0,325.0,0.0,69.0,205.0,0.0,0.0,3.0,0.0,0.0,9.0,0.0,0.0,7.0,0.0,8.0,0.0,3041.0,0.0,53.0,248.0,0.0,23.0,0.0,0.0,8.0,0.0,163.0,0.0,708.0,41.0,0.0,0.0,26.0,0.0,4.0,275.0,37.0,0.0,0.0,254.0,273.0,0.0,0.0,0.0,26.0,17.0,33.0,0.0,0.0,7.0,392.0,9.0,0.0,2.0,165.0,0.0,12.0,0.0,0.0,0.0,0.0,0.0,0.0,0.0,89.0,133.0,0.0,0.0,0.0,0.0,3.0,161.0,0.0,52.0,99.0,0.0,0.0,820.0,0.0,8.0,26.0,62.0,0.0,41.0,0.0,0.0,377.0,0.0,48.0,0.0,61.0,0.0,0.0,124.0,0.0,21.0,0.0,0.0,4.0,0.0,5.0,46.0,0.0,0.0,0.0,70.0,246.0,83.0,0.0,0.0,317.0,0.0,15.0,2.0,0.0,0.0,0.0,39.0,2.0,0.0,7.0,0.0,0.0,0.0,16.0,0.0,0.0,201.0,0.0,146.0,0.0,6.0,0.0,3.0,0.0,0.0,0.0,17.0,0.0,0.0,8.0,0.0,0.0,3.0,0.0,0.0,0.0,812.0,0.0,19.0,7.0,controle
